0,1,2,3,4,5,6,7,8,9,10,11,12,13,popularity
11.514700790274043,39.60618414213505,22.97423129772985,-6.21161151594382,36.35298777255457,143.34534169023175,15.52264133285016,67.17743975587393,76.37495274522173,8.759388726042017,-43.13227010219977,11.33158245230596,-5.404181106335618,12.394421393939338,7
5.542675735763542,14.654679470888238,17.890209064528783,1.8684900184050475,36.14178320960534,88.62116354091835,14.264783473821058,45.286668353162995,61.92997401749744,-3.2626134465916365,-34.00715482427647,8.547276558666034,-7.228593377523833,4.795717113061777,51
13.446573169467843,40.486278210279494,22.965165001951906,-6.860046039168285,35.05696980774268,140.38016432567895,14.158854289410128,63.22385952546095,74.16778500580159,9.712217640882061,-43.20232145257944,11.072801943181075,-5.460743185805219,10.077196700373767,0
4.3238199804384925,-3.4102136383678285,21.72490733410433,15.083918940877542,39.29043343043271,68.35551087892634,10.530776517596097,45.184315120743655,53.63407313087605,-17.99995599057259,-32.79812638270375,13.779510558532447,-5.235413934927074,-7.50164642557448,61
17.420572712424146,40.235861580646514,23.923069838641794,-10.321905661534611,18.944940275685266,123.43496316459942,11.10810862758672,57.27931179638198,57.66428307334443,18.496579196749256,-34.040388128354344,5.35056189824548,0.4050201975717978,9.46599912728654,2
1.8257538218827492,30.33226549401281,22.22634854627479,-5.372688779300078,33.81709102699354,87.2267787728063,14.04742776971447,46.23281687425832,44.2312948203287,3.119552227980541,-29.03767087537454,3.906889132315432,5.646320421554024,4.402211165770626,59
10.963662232148227,39.222928393597535,21.51332379442476,-7.008569799970797,22.177199025020514,92.72551199567806,3.8429511649675874,56.76533014252132,32.66807272545458,6.186237917763495,-22.746747960283464,-2.0402009830685204,8.086781102819392,7.413368982198431,10
2.912524649163816,18.445107659953436,13.147134180400103,-1.2097619643296489,31.494042965922556,66.3318279306662,11.292200752945764,42.165716311963706,38.64599468948744,-4.661750974956785,-23.827218358014832,5.768902967210868,1.6648913303998893,5.726025924267753,66
16.515373188940107,40.443239191277094,19.852036886876423,-10.769736115368035,28.55486083475695,139.48061002845665,13.166054537782403,66.77142359074853,72.99862496816664,10.868290999131837,-38.12591695855412,7.879052012454898,-5.013050093298129,15.923360583456711,0
3.30504214618042,22.328032975958678,24.245248807028112,6.925457063454809,50.31518157860523,107.46333690399165,14.830199644797851,59.510467001629905,64.41164547727587,-9.539343277672726,-43.3886053112898,14.899751739575215,-2.7115299811976437,-1.6674121178634065,69
14.938031362817831,35.00884495501685,22.888947598498557,-6.351916908014532,27.49534637681338,126.55771557670168,12.430904396613872,56.56140885798007,69.50678796145021,12.762086341694452,-41.3906649804362,9.31376504447851,-5.401883919331621,6.919507890486795,20
-0.9355085725081733,8.350107815884737,24.396889884912845,6.607577938838016,50.282226433077824,98.89724334071542,18.034323129667495,59.44964242161607,73.51965403359907,-18.53759731355566,-45.468488064491495,14.11753134899313,-7.106935437442243,-2.5848054596809784,72
16.286175867675066,58.57139100242696,15.661685958119902,-22.394370986983972,14.375551819152275,117.27779115013838,7.26052495968693,56.80644715478466,35.99728824131562,21.28826364307996,-20.1285714377653,0.8621239407619999,8.098647931330802,18.9858256532015,7
18.36063869818335,37.089199303426575,26.14766158423127,-6.16442240221003,28.21206581364541,152.10546808150985,15.919802222732411,61.099186660998384,86.42714470550762,18.54623846647492,-51.749856083753684,15.365081437320452,-11.39838734773256,7.735514312860486,9
-0.807464613860213,10.621543971447831,17.95309327543652,0.09093529416850937,33.54111731693503,63.374665050294354,16.448291454371446,38.56465667715942,43.404967252977826,-4.999012646680765,-23.96144784387017,4.589149684625705,1.7164427129489381,4.043116593336683,75
2.0971161779201966,29.20090004579693,21.219141455465138,-2.99436763217846,30.997443160106602,75.34141547202903,9.145957468862086,42.152099148219584,32.261724845930544,0.12072318550883941,-25.655740548505264,4.855328175886936,6.267383589131228,0.09665429756357836,24
13.414998166030033,44.991066746305655,19.586815181835718,-13.772951499583868,15.31421869221282,98.4484348878027,6.929359421521885,48.24819461710207,34.97956441334516,17.100798863322947,-22.393025628866653,0.01298343306379195,9.023270431413794,9.821196056120373,25
9.81027257969314,31.638129706685564,21.131931957963697,-4.661116102802243,23.23782466856129,95.02617482505856,7.716736869535576,51.17006058383086,43.43935993820771,4.380628234326324,-29.87903442903132,6.450834877950427,1.595503380483721,2.803239992533085,42
5.656399260817401,9.833285237304958,22.600562372507497,16.710935821672024,49.384671235957974,102.68590363088659,7.427044245019281,55.48676565894448,72.6177099490148,-16.141563402611972,-46.34132508625056,17.302521705226685,-14.426271109095339,-4.667862227980695,41
4.147529247583023,33.128940721985494,28.147094092447546,-1.3193727530465793,42.891994472806005,116.8526544517035,13.98892594950453,62.41259232737156,64.8974645353607,0.004014043808014733,-43.70654150625711,8.156642451400618,-0.4113771829292776,1.5699132470331083,57
2.267657054798475,25.20630781142799,18.648215641408466,-4.665348691587345,27.48811940377251,65.50548292762878,11.788234166847891,37.36190297820841,30.48530070631854,3.28584209426095,-19.710304052418003,1.2397841246730807,6.588998961155488,5.242413040873312,49
6.401943681366789,26.889855231326635,20.279677379476095,-2.220978563471172,27.666618831815246,82.26182697748156,8.727719041397831,43.33083584817013,40.60929195833731,2.4918378961367478,-25.579517733008817,3.9181121825963583,2.519627274570777,2.830878063549505,52
16.61603581275427,44.87780618617618,23.797639080321154,-8.202787488419553,31.755782746270114,144.4091887066562,12.234709344575919,62.763664427711106,73.16148908169873,13.198420480452796,-44.07007209697082,12.633967124223469,-5.473444656256579,9.111154036421686,0
-0.8391255172947145,2.9886645804551644,15.177581337716424,17.480288508714484,55.74006176988276,69.98515681068908,8.658903508829829,53.30442456421146,57.862375255959535,-27.29055021631624,-33.65605681639198,8.803192121282745,-9.57139506495817,0.7289913356879819,53
4.476015419755365,31.990427635057898,23.303205792640245,-3.0803708595212695,38.39607506034936,101.68636542983877,11.950530823379404,55.09359979812001,54.18322176203681,0.03978804711295615,-36.0475614450971,6.476853316071109,1.8079968799047321,3.0765227946946117,62
13.753146599578253,44.890473999093125,26.278790791513494,-12.564285886985264,32.802834307513535,156.61138285013217,18.718607671575477,73.60054050228692,83.81384629971902,12.945228433411154,-49.72268702463887,10.758349568540774,-5.093796382229056,12.206346478926982,31
6.69715329434994,41.40426002109465,20.8133864079045,-7.01779047323882,37.13578922745983,114.78456531882482,11.45810600610786,53.76505101745216,56.00446243081388,4.95727130172917,-36.83238794664848,8.872705710163045,0.5602856652384105,5.6788917141290565,56
18.321026829501672,42.973278671633246,20.988051409736467,-13.708256606818813,5.337625043533227,103.50602056244658,6.844682825912862,50.27574976992261,36.867188905214725,24.512532676391817,-20.806208825460278,-1.6725109874566482,8.252602822670653,14.032519208286848,41
6.169596114604398,9.105713603313554,19.849327087597114,17.11233858583971,49.811846268124974,89.11061245992512,5.75147689706603,58.394447725926184,60.60418801532399,-17.959152395063917,-41.44097258977923,15.028404720282028,-9.735533482742898,-5.30788136857216,57
8.126718919454978,28.606661599249456,21.56352980905497,-1.720029992203766,41.31829134856345,118.1250497006425,15.225894357969233,57.608208943881536,71.39292985867499,-0.028605205700643812,-41.17830273137704,10.279584324740087,-5.786011731553148,5.992445401255179,31
4.503626442006856,23.29076730424082,23.428838633687487,-0.3634391072394639,42.34341864123225,105.20028452738688,14.872690803852544,54.197009965547664,65.68662709844257,-4.765919149950817,-39.156349123560055,10.334851157368863,-2.25284332880435,2.867284259355278,39
2.116335649954011,9.366503871732222,22.283912616253414,17.361821534604328,57.6446425040938,96.4792633163475,12.309391161950717,52.789132911800834,71.86515152222674,-18.311379668700944,-45.60557196944841,17.70585370183935,-10.741937422138518,-5.083339819262431,63
-1.8965891857524682,14.591826024318465,20.816517566232534,3.781199794312201,49.56539330330723,92.49586508645088,19.737698093044425,49.65010641259483,64.24697027198204,-12.211514604750255,-36.49704898592079,12.009253183522228,-4.42854007765313,4.205262806939365,44
6.531126028935925,30.073565434308712,19.73179270374404,-4.208097741412529,26.7080260716546,82.48310806867917,10.67097732953384,45.296261102411584,35.81798618526801,5.399002096460512,-20.97191366996431,2.09483912405937,4.349609056133319,8.78649631176873,33
18.085446570739848,39.6616775356968,29.989549470308074,2.1599755035074257,60.4815198496497,201.80655694961166,19.539364585358143,81.45841362829205,129.34439078947472,1.3678950206035951,-75.40389158450996,27.87600522371533,-24.36940664124247,5.564503479395483,55
8.383539924751334,35.08122204682627,24.951092275436043,3.802969225521225,57.70684555009689,156.74572626880723,17.12486232529939,67.75907915829187,97.15928465790664,-2.8622952950573937,-58.93197109348946,20.99905826320879,-15.647955926113296,5.1773426579687785,3
10.548020946988393,38.7864337237117,16.832934345824032,-11.310811454031253,24.26099030722393,102.33024105746061,9.77092315915587,57.307966515685095,43.97909151993664,6.112842803245457,-25.038530196757517,3.4845527324927796,2.1978249640153096,13.370489410985936,42
1.9638614175245894,13.360965127070711,16.58799168887406,6.979278212614141,42.8643766282097,83.78421864911721,13.115931518378755,47.987486945019036,57.52005542910572,-10.344692483977576,-34.03290791614322,10.88918293640923,-7.104496444171049,3.4460070232396554,25
29.964120259428086,55.36971942878741,22.634028016725235,-19.36011102821599,10.75485264579668,166.6820332531225,10.174417122801543,70.64871508191968,78.11241723268425,29.604893901396405,-39.51923867560564,8.36090179688765,-5.529534512543917,21.52366476702873,29
-2.597604670994315,15.774594113715414,22.512615867088247,13.458582520511841,63.82479567301159,103.67885794209813,16.033524200144925,57.79767352685594,74.34742761340142,-20.920903384278834,-48.91007687686609,18.12597034912465,-10.225511547814719,-1.875882963749646,7
9.308080780072029,27.60696364638438,13.75278324770243,-0.6487834229242977,32.50446274259175,97.91991078001644,11.853557596806066,52.998127809916774,49.52226600603061,1.4918397157770331,-29.04290139785714,10.094056795168745,-3.891870813712238,10.722262231115995,41
-4.463720546843266,5.936729714998728,21.114659468272848,10.271739352348273,58.098997031038316,87.86238203799918,18.19375780972827,52.54028664080904,73.3122826288128,-20.69515464296644,-44.92981405785168,13.290373646012617,-9.838731114645661,-2.114071972789836,74
6.124433215788765,3.691858584214763,8.78594330563873,8.664474334276603,33.28823851210225,69.1490900198669,12.122412605592427,41.23805322057701,48.190244136461864,-10.880061934871268,-24.60778767008252,15.341695299672367,-9.266661368878077,7.356454547215677,41
10.968828978854132,28.43479475827933,11.875984943119533,-6.9543780572515494,24.595048780376363,94.86886914488711,13.079925657074957,49.936503399232215,45.71422975264033,7.863148772551815,-24.682579996752516,8.616778499498498,-1.6274794892160516,14.536307060049522,41
12.043938044499688,25.15346978678968,10.807155505563074,-3.9795670254151276,13.875455876000325,75.99973602300953,8.699452918625783,35.62903654992672,32.84374166775129,12.743497625197111,-19.026450957155728,8.538059050893029,-1.1558310922070536,10.40614881921559,31
5.206826391268219,0.793717180025709,15.218563819435982,10.782447699183866,42.92005136643057,78.32203034909591,11.831894075531736,47.65344936182949,66.2413747460002,-13.741124241644359,-34.77744094742056,10.285311703548238,-13.574427513618721,3.0547203340748736,47
10.591436060044137,35.3641990893255,19.790758937715953,-5.645644475747548,27.18648637518224,104.54750071845898,9.158510147064593,51.67934750725512,49.543422543281395,6.679709352088341,-30.78604915535947,7.0556647635209515,1.6311454322151624,7.05121751805808,16
6.437728018101241,40.02175651234407,24.785455006506933,-1.75427570427656,45.70097388836868,130.03606009202684,15.076114148052707,61.330133784079656,67.32842708202314,2.6610656011363276,-41.388841175434024,12.097957028301007,-1.9821455297548636,7.3537927284631746,36
12.51758667928534,43.73675453971906,23.919650669238766,-10.094836247718215,24.89631581260443,122.7321578972203,11.925614546079242,58.042650709455636,56.129783245298746,16.0248230733044,-35.36936220602435,5.500449533660383,3.4705419409471987,9.456667438301897,38
7.619497298673068,20.394085280109728,20.03401674091941,4.62266454274087,40.68223083233216,104.7853135571363,11.955979312402453,51.28144509526417,66.84794946549988,-3.4861386998947093,-39.23244807571907,12.197854935358496,-9.415346021265318,2.719138796922961,25
10.514547768752053,29.878695945529927,16.349711860998276,-6.469595912146495,21.29981720728986,90.20822392328824,8.90572494374509,44.58378927380604,40.32397380696787,7.5909359564576695,-24.30522202232216,6.844325634321591,0.5452964826541624,6.0271144600247055,19
9.503116152567685,41.83660121966181,23.71029721735783,-9.05413060612364,24.65325333659969,104.51499314991233,10.994716123277643,48.841527061498816,42.5315601969665,15.382055340788522,-28.789615639094222,3.5270709690785993,5.9647771896341295,6.920320611296549,35
0.4472688653221761,19.507691989144565,19.756550532910882,1.853085777305643,40.345940326331004,80.11463051228803,14.988895811681171,41.88190384499392,50.03412777699142,-4.186949376360943,-30.12357613789051,7.551048238119768,-1.1109703171224679,3.9230314722083723,41
-2.498821478345334,24.22300620513727,23.212794746849436,-1.0144217757397993,53.40452605682996,110.48283343610994,21.784858015672935,63.67042099397406,72.20987607031472,-10.65288653142498,-46.372644633338574,11.720795589678048,-3.7803236664994317,3.748327770409843,0
7.270188649804087,11.874477096486203,19.36008821102556,0.6933679123677621,32.855978436214954,95.62220851270554,14.318585336208073,51.548302590173265,66.46581929795337,-6.122217681173709,-35.34076612220317,8.619830432669724,-6.912932500965665,2.8067657732628564,45
-0.3374583959280905,13.23854142311666,23.45375802708493,13.505270789729336,61.74411741361755,113.01733541842567,15.509991487805578,66.02125136688882,80.73202883423781,-21.546068727547922,-51.64745987596219,19.04837784015336,-11.554729039868397,-2.9828137836761486,23
4.0635530219428375,20.891779119881846,20.097583536884606,3.1395283582052143,33.98582899435259,85.81176912755835,11.351820917448642,44.431124532422906,48.25200354902318,-1.2408101396051376,-32.62383801307785,10.634906657708036,-1.0681760830073945,1.0741954150119557,29
11.36064679502926,62.31179056544405,20.709071434473664,-19.920261568216954,29.70247402599624,130.48379159491583,9.485189315584647,65.7134340665158,50.259013075054476,14.270639242686801,-36.946920658788244,5.989380615431785,11.327852159463156,12.660601123856125,35
15.508110791217444,30.02857415944032,22.048786424029807,-6.394786852677896,23.219526438059958,122.7581944514377,10.406127073297444,53.31099927504283,65.3685290589319,9.573632750959042,-41.488235942246604,14.789220393988655,-6.608212714685186,1.776715953154883,33
14.165305869223555,38.777031575052774,13.91509004952669,-6.009783204004753,26.79381987503688,99.94764305948328,7.1493423363738495,53.61288833486275,39.17951131894912,6.6063783220736285,-25.033991811803414,11.182861496053688,0.45883387333449266,11.677746867209663,38
-1.5470291680662256,18.752439792790238,21.715651536871118,3.9028314407910445,50.47333645808643,94.59875608653375,16.33582973747782,52.479259020553556,63.470118938184406,-11.645795221012639,-39.47851430501542,10.122284242742698,-5.11438154694718,1.4395907336112257,42
5.013047697901462,18.88572581394811,21.84691498070667,5.225907066904961,39.93749403426331,95.31158059749589,9.561517596899794,52.210366964232854,56.29092517073578,-9.662277174056886,-34.373184145759296,13.56733269069583,-2.477934477012208,0.09347464393138435,61
7.500060510615304,32.71077623748303,24.30501258854288,-7.853977965654426,27.401568779159202,109.08644893580812,14.740657707297034,53.80930858488777,56.79201997393622,10.379204927443277,-33.81276746137856,3.6517861165061545,2.4835316863968444,8.352895441596827,29
8.97331780268564,11.80177819659375,16.455706982873828,3.4099326098772473,25.49406610821902,76.29539942168326,9.049713685014831,38.752376906329104,46.980799856125174,-2.0285936670307585,-28.372845669137174,10.194822329347453,-4.884794860692084,0.5258881294435904,41
5.418137015350244,36.73630657576484,26.43584695135989,-0.9286375559609306,40.73000141310529,111.21604981649854,7.191998255273694,72.29891679083103,55.026141686375546,-7.392635640618365,-39.28666045607963,4.511129991980278,3.594158700898967,1.6075013789557944,0
2.985122657203849,27.894826247664756,22.864133792762487,-0.5229820903286697,39.277844056458825,94.83320201013007,10.342846111103905,54.630781793323735,54.25466267123884,-3.4818408045083142,-35.326983364842555,4.463724484178286,1.25277108404169,2.4493085001573336,47
-4.490457029877093,1.9461770735252075,20.05994950668703,9.440962097102295,49.19698929543297,67.55841780542919,14.769366049740016,46.85610071643202,56.50450620974811,-21.942287985981803,-34.073876478209684,8.071386704298801,-4.49868165528424,-2.633111288932725,39
-0.14186749517106176,12.171971428154915,21.902309919102578,10.300020661718838,53.53202177330884,104.9341138889894,15.51363704347972,57.803599401379756,73.93903149571311,-15.62136275112664,-46.898781399080654,16.75720521749832,-9.012601112893408,-1.493822851179349,61
9.92659974024102,21.81042371033296,24.412524723403628,3.9934569207434105,39.35148038207601,117.99716078792035,12.655489272956263,55.22381849950636,74.99952131277975,-0.018783358157431675,-44.12576910025845,12.423299735873236,-9.83376863740717,1.2651638397512202,28
4.8501160691228185,22.861187183769704,19.955355330657543,0.6584798139089948,42.2697739396055,110.56513127877795,15.271679621810483,55.72826634126169,69.82493685772157,-4.526736884087123,-40.27870351253016,11.082616918959614,-8.432959703620611,6.339648341283229,35
5.910411736711847,8.76947134670834,20.098979592740886,6.396429557629968,35.07897045869286,79.18765102419052,11.229183574644022,45.50405442281761,57.07207022614645,-8.25086464939083,-32.07890184592824,7.8617691471451945,-5.804983578814102,-0.2416578556488777,48
3.4673987968717697,7.681889743441037,22.053854879486323,9.804695868977262,48.7039028013902,98.53891879988294,14.642704288453817,51.41807777060345,76.54432028301605,-13.956785914430142,-43.99684651865958,13.901640943239299,-12.009505536654737,-1.3309213797746622,39
4.298626967040062,19.280532962646067,17.9774572228582,0.17854938267579493,33.157482271516855,77.79113622743202,12.33221692302347,44.032077263881824,46.431946573245256,-1.8704263993718486,-28.753024704962346,5.722493763716904,0.37531129428756527,3.6910139928521684,65
-4.170198022233254,17.601429317644513,21.05587840804136,4.71521715392159,52.71135919668717,89.89204549860219,17.016374749114323,53.28408388151619,60.00457786946413,-15.927171417616444,-37.73850300870621,11.294942415712207,-3.6243722243121463,2.2892793980397337,40
4.114738179221306,23.758255111139693,22.25461556484666,1.0288618884765135,41.97682122765016,96.21570251340299,12.085950799059471,57.090755032488154,57.39234827291819,-6.864349188045778,-36.76022998143622,6.613170550615275,-0.9605337902991622,1.4477449151379032,68
2.2873814565858916,31.500855253079312,23.597072940278842,-2.6214559283096497,40.90649337426269,103.25644844437208,14.301426375775067,55.03477954678433,56.27089377934942,-1.658994245555487,-37.23975996823876,7.312553586173154,1.7185972550397495,3.0730838300446166,35
5.397117369701945,44.08971197387893,19.356810404232856,-9.701478733139924,30.790823570796665,98.18494129821491,10.946772942526348,51.419173555496684,36.56767500927752,7.143756171939697,-27.329102350536655,6.042809612059829,8.772468693142512,7.549148011405391,22
11.255468968062175,60.86692174877574,20.71926707613818,-16.16287962306111,23.585178484286608,120.02977076397354,8.348635123097583,54.01814741359629,36.232646292978245,20.25141954081906,-23.98116079038733,3.426797556746879,10.594345783240744,15.966410685269482,37
9.001406608823467,26.608659502991284,19.985607854998857,-2.3498655654973097,29.72733519637522,95.77638840291407,10.118379285672061,50.247632294756244,52.287380321080136,2.431358011446376,-30.69182153493236,5.610427673500814,-0.962033495259597,4.82108280489967,35
4.99352279770984,11.132455913976232,20.76158501444903,12.915489808729545,48.687107112082025,100.21704076631018,10.262686137002117,55.28058344623016,72.76163708141186,-13.967922667145876,-42.39820803538699,13.63323305331711,-13.358256123726212,0.11363143671162144,25
-1.3148353515219795,4.728243232017309,17.28218861408479,11.12190487818114,47.47828348140515,73.19204006973344,14.660483860794946,41.97599688651306,57.99228654693072,-16.23807319291721,-33.338658163307834,11.9479342080945,-8.684782963219778,1.0440212621960114,45
3.1271098700203006,40.11072575669748,23.85226525738652,-5.737990008112895,56.40927456002323,135.76718184603646,14.3537172149776,74.82632164713222,77.08695501022643,-10.939295184699288,-46.76030625960614,13.678273512320166,-2.536771774850628,6.536925405166515,41
3.336115608127423,24.642399029288736,28.382856756189778,27.792263058660446,76.95729024789597,140.809896178667,-1.209763804848332,102.66274144635953,76.22197138722342,-44.84867702323342,-65.01370017045073,28.34901265008251,-12.436934772804907,-12.322374967820906,0
6.387735107504044,38.383557466310286,19.03536889625598,-9.829028242344766,25.827824666805814,87.19496534005722,9.061503353169726,49.55083348500481,36.45616703443889,7.4353183808801395,-23.792696324407235,0.12732762846926596,8.65346331809429,8.981220396105495,47
11.74696545316888,24.714981222928188,12.1726686946644,-6.119704998472855,12.26722608888865,72.96776480562856,8.40003274696974,41.16411088489667,28.26498389271999,8.510079117906706,-16.15211918283332,4.482193899473452,2.593136853287091,9.551171606230563,52
6.580692063006368,34.411135382735054,25.246479413811784,-0.6596634933489107,43.85322590310127,123.9458964599784,13.962116842562212,59.82740739882545,69.13611224845076,1.3123637071358645,-44.54143712193696,11.5899917886995,-3.6358040823158277,2.9944916072827974,48
6.658730622850288,34.197964741999364,16.365762334227416,-7.02547757672199,27.401948258811906,89.16817002034382,10.274480634518099,49.06493278749631,38.16930315136617,4.78838942526208,-25.089049128932327,5.957583205187821,4.272572699895557,9.501866685956523,41
11.617338427081652,44.41187595435444,22.934938000398116,-8.467987518324229,31.411819050206795,127.54143709714266,12.168683585966297,55.64675566474299,60.76575366361482,12.313916721463412,-38.64637464177513,10.058953662986156,-0.41268473180173354,7.815085886497009,50
2.860485276249789,1.5532131089756482,21.756483777117413,11.230008013940838,39.59035624814536,79.25898723249729,11.660408739575304,46.319208483595325,59.36230998931326,-16.727011071455735,-35.93966268074907,13.002039874813647,-7.797927020723458,-5.187610673373995,47
20.053830506053,67.51890476682678,17.10322093591525,-27.20478173640939,2.3790532928913533,114.15831643597014,5.138355169042211,53.28617999187292,23.46937741359319,32.99639775792182,-15.319557556518998,-2.788128130271768,17.14103790320953,19.324656459422584,0
9.367362732019057,43.5569385881528,18.18185837021864,-10.242818077488616,20.648491483273567,85.34348022141283,5.999730382236957,43.508167599564366,27.45373363510879,12.541557117391744,-18.083564493602555,-0.27994265730833373,9.84665144091302,9.4494222288829,54
4.386581822814628,4.167177531664556,14.40717720587197,11.740061888590898,36.88315305365248,70.290781776356,12.106966830801882,35.89687591202729,51.094642836061446,-10.367355211870164,-29.124610001087685,15.339409064761846,-9.346633202946698,0.9680413512717095,55
-8.40461352463088,46.406624419004686,24.290613211544795,-0.07788589532545274,62.6145748888162,129.24584477084233,15.465132366437812,71.81769264769984,56.02695069419427,-11.333072396670199,-48.87631184270996,21.818373703732753,0.9558308392147357,0.5604180499693613,54
3.2494940958009506,17.83510081544277,18.155889698549746,-0.36303776998072607,29.38880517265362,72.2411947314238,12.770224655741195,37.839254615351074,42.920310381890516,1.2666811797262638,-25.947631434123398,5.195623027934263,-0.11782359580622606,3.5699478932537474,70
0.682645277588315,12.441997631655356,19.45110807876678,6.5106520672647505,43.92575418811772,75.76395913734062,12.709069938088454,44.84260776378771,52.82965245143552,-11.237810464242703,-31.65835672106988,7.846692353396626,-3.4022376680541897,-0.1049522823517216,70
5.720162380759553,8.310153997624377,14.528098172653669,9.569199819260701,37.64236926339265,84.70578069911798,11.382543973195835,43.91624012914225,54.44234442136354,-8.836115145726762,-33.55751683998415,18.597322410605933,-11.543667689537054,-0.19097957064943918,54
9.057936411553525,16.54005277841233,23.3637244820946,9.115871742967638,46.90046058513302,121.33092466196159,14.25785752972726,55.51368423543877,81.68084879962414,-6.226108071726318,-50.08680768725481,19.900813559394408,-13.46462170149204,-1.0669278726005906,42
2.041340687776408,21.71304988873495,22.9483981370359,2.159907014548466,45.84899818062685,101.28933921269017,14.878007004297913,56.44432576508166,65.51550835156213,-8.24864965074963,-39.28796416689704,8.117881500405442,-3.909218204124495,3.2908919232082785,62
4.191247777566421,19.204117048357826,15.92164412678673,9.478795704889057,36.85670738767724,77.06859625219205,6.053342791344477,49.28934574596973,35.763417707284084,-10.54343194103093,-29.861422009115362,15.509182412103714,-3.1626493270120926,-0.07434788870609355,33
9.838300003026482,44.74212685359221,22.74491670561227,-9.103053971981753,26.212038793128038,111.7850713639722,9.273941031768992,55.586786388935806,47.110837994527394,12.389815524633574,-33.16349901513978,5.354425811407539,5.8883920326439405,7.223161882494475,37
11.337109087062421,44.52745380376546,21.26611271990369,-17.478637143991644,15.20789553796575,106.39358380657157,16.325419944384528,55.170439299407924,37.24428124292432,21.831796346896596,-22.52641812140796,1.8779611787571608,16.084254267140523,18.97082800121532,29
4.946915232422288,70.68133227378553,24.01377454764811,-21.207642329625507,32.874930058805916,124.93423554976728,12.31862647273626,57.20384407509579,32.749654767894704,19.181109354480512,-28.68818527848335,4.172044439442131,14.971870984173837,11.65704808953974,54
5.1650227888436655,34.683654178984774,21.091108450868646,-6.84130940564059,34.44373311985254,99.12226104485042,10.559411131392945,57.67711704587818,47.94998714741149,-0.005060546293232965,-33.106424419673836,5.30059398683684,5.021260296483421,5.824855380127075,50
-9.163356246440786,0.07244822450849897,18.01835820306164,10.69192890521197,60.270090128648306,72.12641865430987,21.323382710067634,48.13322554690048,64.26747506305634,-25.530780321033433,-36.643327151040616,13.329820126618287,-6.94329994374111,1.3217091844314577,58
17.984430111767757,55.37262155771499,22.285012388136057,-16.212351570455592,15.696229499896539,130.59850822639373,7.28905644920313,56.961122829201756,47.96616567193956,23.4486145133303,-28.14144166335147,3.705741925989601,6.4824432487250645,14.981829019139782,46
17.30891365972865,42.57059149526555,25.772399391637112,-7.047116954328785,34.29271397699779,153.8427497970632,14.998297588553632,65.06931339669552,85.00167235153152,13.476217669890964,-50.01661966549508,13.994098203767276,-8.00865189485905,8.785139549256524,47
-4.696341090381059,8.690174193604213,21.05222932068975,9.035856075964386,43.89505599194458,70.06980441366234,13.635279754944847,52.791786955976725,42.3660742544599,-22.740821456976924,-31.872075912658186,15.016125106227124,1.116903793863033,-3.895509676764148,49
6.634240886350564,15.217035224173808,18.50865878376912,-2.7587713748844505,24.850367282517333,77.58604334610953,12.578603419900986,42.71626721955907,48.089438782488536,-0.7129899599249276,-25.327161771216165,3.7327871963160213,-0.2119710150156429,4.371479200105716,37
8.97375246506105,24.544238881422167,20.70466522471173,-3.763612648304759,29.346971586448532,99.1005770082549,13.555060459926338,50.8778864705272,58.53364772374522,4.903379449576257,-32.32451521975548,4.473117978451717,-2.4264930624165313,6.98876267582732,27
10.293278994870134,44.200981307904364,26.442340514559525,-10.021855834977027,32.040440356468814,132.54510208910946,16.34041243754638,60.12471033211782,64.14135418961752,14.782379701748853,-40.621689388685745,8.145254511358482,0.9346490153420937,8.585958332687875,52
2.710699724088064,1.8934290629952975,20.561196129690387,22.555182468575534,60.353501697111575,87.31577415179707,5.289243735919323,65.08211926162679,66.66726491134692,-33.33927452088022,-42.857754962789365,16.637114213782706,-11.98353171313485,-5.296302187435528,59
-2.283212237857747,5.912812475993962,19.138567338211317,6.259654470709315,40.57473177018295,66.13488598655357,14.445867018832978,42.52643857784055,46.74433198436243,-16.305100243302757,-29.46553475282463,9.883096422849762,-1.867684866239374,-3.984455333683212,44
6.05584216080881,27.94035641565122,23.410208356073824,-1.3625748310903438,43.87792531920259,118.5252697229273,14.782503487492637,59.35054786011999,73.15267577715903,-2.5752311044659306,-44.5453716596745,10.71192730453651,-5.345451035705538,4.154739260445238,39
8.949236179273779,18.229932455321503,18.130516865103754,5.26762715848011,39.55993550591306,120.0625995851995,14.92543282214454,54.79904893621719,66.70317032893229,-5.046305723434945,-46.069562685157294,27.578548387672942,-9.356857757277666,-1.0023598409283518,35
2.561320396701694,21.79715407451945,16.703722900551796,-2.6384071932307958,33.649320442342706,71.76872171356557,13.525234296489797,39.58708540413536,40.95694261704663,-2.1729496251456784,-22.84825856156013,4.214543112244472,2.096780292475165,6.806545267947942,47
3.884722831332359,3.3265649056912547,22.360690798631897,21.288675385704583,59.97585340126235,100.0685619902933,11.742070407013726,55.772267653712504,80.29510119808216,-20.63709272405911,-48.2244945827979,18.839736142789068,-17.0568015278794,-4.706058682663095,18
12.254227613483712,56.4383139304224,19.427023297225936,-17.092347915913933,17.080704084466042,110.92867055171286,7.513924381985168,54.69587014618613,31.03084167687377,20.907838202565472,-21.300254178860225,1.696396005707867,13.00749173586741,15.518480987090221,17
12.06348379347846,21.345973210949463,19.005122982782535,2.6296327576132885,24.37839473427702,86.83605945779968,4.497607150451307,53.99196335491152,38.58307669762404,-5.946747696280858,-24.91596732922993,6.785148993520824,0.4085074969438376,2.2533227329953074,23
13.10634874091032,30.427869796056328,21.228646717126665,-3.2871195060206637,20.632283567551113,91.57697453976638,5.438172768800296,51.083389874281764,40.77559884118924,9.461055771944523,-29.165416758076333,4.418571539879243,3.171037991948478,2.986855309691869,41
-4.5894685813213245,24.70885572774146,22.278930224864776,4.837505399456739,59.363352117656625,106.04993478276883,17.949078447866878,65.60526821611211,67.16889335381462,-16.318750740961875,-44.20313064906247,12.247951502795523,-4.512815832043752,5.628703029407334,37
9.805834573753717,37.487720341948226,24.128177827278936,-8.241425979615531,34.33784959439233,124.9231689377547,14.269746121251654,62.16847015100099,68.40139071119715,6.876366043531498,-39.754826168745524,5.264274908729864,-1.3917611603649302,8.799939433759368,40
7.193347120299254,49.068246143804416,23.803598300186874,-11.944459445284027,20.8247802630223,97.58351239384655,9.796594577182448,50.56305980671325,27.86933588766352,17.96509837840457,-20.338907528619025,-0.2889551113681873,14.40885178050255,13.332947002437102,37
-6.614740413193133,15.187124167947529,21.712044900558112,6.946113640328649,55.14212601982338,81.5435597900533,15.944440545273281,50.63581032097128,57.16149593016379,-19.58676399172029,-37.7685254912126,10.567225937420968,-3.7713346635195286,-1.5712742882892878,49
4.402960215606666,12.813964239428275,18.274857710185117,2.840367596544188,36.82601154546333,89.13272743194746,14.52607601633372,46.754402882489224,60.90427177419935,-5.775444548140953,-34.56686399078026,10.46384197580049,-7.003105673459195,3.214720093012507,56
22.388695408836075,43.826455099587584,28.679515774110094,-11.204847706675528,23.850276796262797,171.8619733110686,17.591561145408345,66.58904680592467,94.65772045506617,27.017418797199706,-56.99422741432768,15.867486648374227,-11.107765804183042,9.662137273532629,34
3.1598172301486565,10.5688806518997,16.95754485431225,6.416227033495148,30.885723222055447,58.87522033806338,9.463049100084437,40.36215282832478,32.864523308858836,-11.645200031361187,-25.368701913777112,11.28098515030906,3.726950850959685,-2.5469637561763654,40
14.394927989899271,45.80372569227239,28.46476321993415,3.0342348278195046,68.32561282314947,206.25743189376317,19.528544295438156,81.55454326882443,128.31899685250917,-0.9211616482872057,-74.20372072181424,29.441384793765835,-22.214744641065177,8.956485086160665,51
6.533827646891341,23.421087754966532,23.020544898093146,0.11790288172683218,34.69410897865241,94.78263821951822,12.191703188195776,52.30816095799085,55.703584478121435,-0.009116326323213516,-34.32773593030107,5.712723468165243,-0.7055810969897526,2.707755181573498,17
7.270195058004903,19.788092726202457,19.099389018644963,3.2120708609765667,34.387459443894656,94.66081333128353,9.514644674682588,47.47097149658104,56.72475132458922,-4.475553251715093,-32.69803450843676,10.45660733377654,-4.656450623523118,2.7849486710442495,33
25.953492649860024,55.65619521495718,28.30514183704257,-22.252412377204752,11.284578947077422,174.65882582299218,18.288673989409023,68.06525263486073,85.51798694311988,37.79108492008653,-46.980187595516455,8.08710721875446,-3.894135645093819,18.81197607673723,29
13.498680897935333,42.53351840987136,19.630613987281087,-6.393659391204055,29.029144687156048,124.41230615872146,10.728855601496472,55.267229851132036,55.42794304301402,12.132096593966377,-33.38703699634927,11.102620599595452,-1.9383667546396468,10.922223268743135,28
1.5928736465656175,16.447040531230883,21.695064663422112,1.7063419418280312,32.990795747755215,80.53813178372494,10.900740325234077,51.082928470527946,43.99966920219145,-10.981128877802345,-30.780863039972473,8.482037208785615,-0.5852668917398325,-1.5320566175255703,23
14.29136798988521,36.56998442994977,26.527834957573813,-5.076889007499803,38.84569179185568,151.28926733390878,16.00417212798216,69.11518787474304,89.5509128021944,7.87386808985056,-52.86400875112262,12.918360841151612,-9.200263091273332,7.300205425243148,46
23.100129872433556,46.512243318213685,27.994125313035433,-11.946026435783672,25.167634773331578,176.52965286809908,18.255811836377728,68.89172285756413,96.7446723660026,26.792632678377956,-57.52989402740344,16.02875672738931,-11.088715570725483,11.642532896544408,7
4.828909167320216,39.70159388418755,23.63309235633642,-9.824812349093797,34.92484552803348,113.45680749569632,16.76567622252811,52.47271483172887,57.014048368140664,9.809569683067837,-37.602963754485664,6.554484167885481,2.4453014009076024,6.741039435055256,36
12.278385278083846,68.57125054834873,18.701931362438355,-8.838366491470149,55.23210359008464,157.30067136919166,4.278916006026093,80.54673185080709,63.42918167622794,-3.292930690556602,-41.4162946137231,15.983021642163218,-0.9950892239856599,15.120821791899967,0
9.764517644604384,26.672543467655412,26.166480422722234,-1.5580212485600746,40.576085064694084,138.33913521961227,19.37302845353007,61.05780710994356,87.61011357601782,5.927059826930024,-52.343492831854654,15.22579272537079,-11.630980604957228,4.361198818439234,40
11.030904073951682,39.303790468602344,24.473546608067505,-6.100758405543935,36.61472416825573,138.41340305203158,16.232235733639698,62.86266968722104,73.56709330741164,10.12410110246884,-43.899538457143684,11.822155662457085,-4.352318370787636,9.245410114275618,51
-0.20542440726555722,21.07987252737084,21.662454338281233,-3.209611995505673,43.89512336281552,99.46082256226337,20.337259830576123,54.29479609306335,64.05529630787804,-4.069332434775041,-37.986519384410755,7.951430112201923,-2.9640498671986086,5.183921912726488,75
13.688517020962546,40.07114305929843,22.634318437003554,-5.485578440916289,25.766779747697726,110.19752684310747,7.688604468719653,54.95514928543699,48.07960488470437,11.817022308615662,-31.42487554633308,5.1967405457521325,2.933354354482394,6.7358432979804075,23
29.374513455424143,56.20340956537549,24.027934587841127,-20.2747904203745,6.6088858174188365,173.16120953347254,12.527094843328127,70.20466896361502,79.03405704708933,36.6210287919469,-45.475035932749265,8.981550350139585,-5.56939098286092,19.104323446520613,17
-0.4302248114700017,22.53122263291964,19.537280796366993,1.9792424409524765,49.2828844152536,99.8777020615119,15.71583469555066,55.4430347696571,63.84518455403158,-10.690896163534436,-38.560915507569156,11.08923555764595,-5.3012804267774385,5.082885972377937,31
-1.0713356257107551,19.041727623160096,22.09202275316581,5.562238787842356,47.62747822998351,87.36224656752155,12.576651952762314,53.544775274857955,57.295623976892976,-12.750127021386097,-36.95634288372575,7.190562812533117,-3.6984792054596025,1.0667402496539027,40
3.0140094480443547,13.489649901657616,19.42895793841607,6.134653525368264,37.43391215742176,70.93155830562436,9.374062246194951,45.725179137450645,46.06443350093655,-9.415659638775956,-29.31799297241025,6.60903952930443,-1.1600557751509177,-0.3991397613469269,52
1.865437703638235,7.74000516440729,23.900654403398782,18.997042476125138,54.96140208329444,87.44285232346469,5.433614314718997,59.13738064235656,63.122783307721505,-24.77218005846796,-44.60393094167995,15.101997322878297,-8.95009735782726,-10.466451391400591,35
12.13290202544024,48.69627288162307,19.845315570068603,-13.693433891040725,14.588173591217156,100.30533293469594,8.076027533937356,47.50490987814277,29.387249298352213,19.856287497305075,-18.931239324828674,0.9100262538333936,10.325525247596198,12.908578639336753,36
22.639059509450842,68.81446350144263,18.489010351169885,-27.26782647180836,10.969520965905048,139.08065040489407,7.550905438621491,72.63363691923443,44.20878305479961,26.580998774306114,-24.05713670990569,-1.8824793128544317,13.392189377410121,24.013706626844726,36
16.331122474719926,48.58758443834117,25.654373567002143,-11.812076402563518,33.54885405500556,167.85393607624374,18.381965296197684,71.58998099958242,88.72458619816946,16.79512747435167,-51.828265295324066,14.812019999630602,-7.221145691972687,14.01650376882366,38
7.077939827468657,5.838060019649061,19.251283387640026,11.076537007103221,39.73219925078497,83.05424726386565,9.279223829337262,51.75919096892167,61.12572806873481,-13.524655251601203,-36.48632121014632,10.732738966028881,-9.153305760381574,-2.3891320947007744,39
13.519855179796226,41.95283837864536,24.236237881749794,-9.754814216735811,28.68421051851387,136.78821319733,15.424643347815607,57.78936511580844,69.85731779114715,15.816352237788987,-42.213302576101206,11.2280366668661,-3.6607579154495142,9.474453648082722,49
9.10131983162966,40.120123694804626,24.361233715163372,-8.65840771369767,29.51354000246826,117.62664331114372,12.839104910997392,56.909675259777856,55.57573460089633,10.647595594846132,-36.842464134036,7.975709611384681,1.5187750816732082,5.581671493611837,43
6.46397269353026,11.534252668805662,21.47582079929519,16.046575705201004,51.5002831581992,108.7295333430189,12.629439514489645,53.14330341587807,72.90213978511592,-11.704642759098743,-44.84280024361884,22.199145380999035,-13.89506318498022,-1.8939081900443477,45
0.5097844725266033,-2.244783176779394,19.971615473599268,13.154386862008579,45.649336022392426,75.37513719222362,14.298506022665778,46.33732557235972,64.23278160849348,-18.59622242725445,-38.20902037538949,13.235845224142064,-6.883704865741965,-3.545799209848177,42
-2.8894678112407406,27.257744996213752,25.669542645223512,6.638413202600494,66.53967039451008,124.83227418580519,18.37869849676637,69.2569973572259,81.36855996662052,-16.782339625521118,-52.106199337564505,14.814725436911234,-7.797348673624034,2.5107927422892167,0
-0.3744242388063795,10.216679270165761,15.697827053444271,8.873511952828277,33.92014080715063,66.19506786514239,12.275903248866303,39.20986879005215,38.46971140311428,-10.402245989593778,-24.89667539493784,11.431310598979698,-3.4917156778951877,2.8408861575041473,46
15.529373809631588,32.362608216446375,21.004449488773744,-5.27486427306655,29.6050608590836,130.29627987169744,14.067697913090168,59.26139600075747,74.05088188026599,10.930321417512237,-40.92600756905551,9.844667554313657,-7.870104066960737,9.895248388446971,37
1.571324089104225,2.5971360473383727,19.69582383001552,6.885802803678059,36.61729454112324,67.04161169111762,13.44567035230229,42.88536383041326,52.84911811592231,-13.025991459829514,-30.712547560715834,8.080658158057469,-3.5348135256564226,-2.134215800314505,71
7.545124033170316,25.031913198326972,22.72487844192698,3.4438092470409734,38.12139248265174,98.49186287647115,6.430960007708964,62.06796287161405,55.472333255075625,-6.172656088085534,-36.52743791702446,5.31444760244736,-1.6034248891786833,2.0130783650043096,13
0.20148595311918477,18.16502408546793,23.897598870002838,7.756180498539777,60.006927684459114,123.10633132197482,19.636301447127682,62.28846414143293,87.58241950632852,-13.528296030819156,-52.76628846119078,17.280072680330242,-12.366480854113613,1.5503307801070327,47
6.647514426441859,3.93647125857272,19.155361911391132,11.434869793986394,37.95614645974133,71.45275750449635,9.43418999416923,47.291105548003664,56.659899527877194,-12.762580940213292,-30.60467489773686,5.980692831192405,-6.424931049143627,-0.14284320476168016,58
3.3213893712502602,13.161885754473495,18.973152514430478,8.351739522930847,48.162870643562286,88.10967360103163,13.007982066257064,46.58275558019786,63.09829399788009,-11.614005313624684,-35.11022699460849,10.322212520769973,-7.54869005476179,2.360185292785437,49
-0.7224694841095535,9.461350450187325,21.322841894170917,14.413472931011954,57.17184773158307,89.13664522459007,13.827834326597307,49.66920156267142,68.56424584460429,-18.049682923601473,-40.47759809922808,13.536925471315792,-10.665806032575107,-0.9687584030702804,73
5.56450052640207,25.441241124869197,21.523940412095364,1.6352797859723565,39.566516276530365,101.99814327978663,9.537561344904125,60.21864844258697,58.92508570566689,-8.166502197121536,-37.548404963011706,7.920103252781418,-2.310303245513743,2.8731169497523483,18
3.879543364366593,23.232396067346265,15.987380262009045,6.509291302793837,37.736436319617475,80.46157022050447,9.3094463050291,45.95112597749097,41.44984063898073,-4.134327598729774,-27.714062079184643,10.644475267332076,-0.9611485161053003,5.067996180347865,13
4.797506293259034,4.643859292087564,18.52052482547733,11.445657404580217,38.88650429623437,73.07220031857202,11.416351713997248,48.31518992950603,47.05060568978776,-15.97607793525623,-29.264337506551612,13.732724255549087,-3.762738316322035,-3.2482540165502223,33
2.147400779978641,10.411469720611763,14.756413692904113,10.512085415777962,45.4351429357177,80.1618553732285,12.658422481056723,45.88760459608513,56.22598455673148,-12.189269372859668,-33.19471984309139,14.478857505560933,-9.04459465512236,2.754044230141259,17
5.862102855237439,7.270393580769483,14.111248679282987,11.719303601980329,42.2083859811424,80.43705422050476,9.339698557867475,51.0606312923742,55.960294677653856,-14.056709245684544,-33.51667986805308,14.465458273346128,-10.330623178172969,1.5723578345606821,47
1.9812861178062708,43.54908774550836,6.2770197925140625,-6.0861703328089405,31.847333015818474,106.26735443181536,11.564540383502758,43.87477998137767,20.756069675279065,2.2041118128640305,-18.90326957914277,32.6461909003448,-4.7436467265037034,12.589179711169841,1
9.092158759385262,38.25661415090986,23.133241798167095,-8.68585093404106,31.1871390384868,116.38552771825822,14.804983197858116,57.09296130809959,55.28261580951863,9.808726938347636,-33.258059013642495,6.058590149825942,2.258765253240155,10.046207629314978,47
4.564032574689547,9.440929334071718,19.258740226694204,2.8466068566685117,34.124797821956314,76.02766523507586,11.289919834762484,48.246231760812094,52.211028419262895,-11.737712284418993,-29.058695255674884,6.584280538476288,-1.6840550864541752,1.0357005109596815,57
14.995919699511012,71.86587703970973,16.89107225579261,-22.164058359270754,18.142174614029752,131.36938668011626,6.219716448977055,53.15748174468035,30.969258037431068,26.839933212978387,-20.12852406191672,5.7125328678491565,8.74715208628662,19.24366968567722,13
5.486185902191807,19.958896459229116,19.81759967879156,4.718194198862948,40.49892000527391,87.93025386096375,7.582632356739129,54.58838975365464,53.19579502318152,-8.439667047349698,-32.240478121649105,5.433865183204692,-3.6881763119247974,2.7639254938276148,20
4.714596445876599,44.48784696161507,20.281504084949265,-8.213873962065982,34.78047661311024,99.92102221799946,10.698091827232037,50.645557735527305,38.00345869025621,5.44159977205219,-28.64782869063968,7.670103918100178,8.894417737589462,7.566496654940757,36
12.966947955996453,35.22565709630169,21.571384865464953,-6.49933469399662,26.770906631498736,106.9470119074413,11.739289617728998,57.167299430556895,49.85131689821623,9.517514018191164,-27.80174071817006,2.0773948385220136,4.367215418873919,11.199295599342205,32
12.770051132556596,36.14398661704596,23.47519264562724,0.5848810561835246,42.4477900317258,140.2026845955928,11.78808082814399,62.46059610236294,78.64300018703848,3.780867802379604,-48.230800849540664,16.034444630417163,-9.61116129214866,4.683677857431679,3
3.4558267221256087,21.617370221336238,20.490383365177703,-0.2965729996565658,39.20371667482587,87.17993526228291,11.775246312592587,53.72003763939131,54.51218889043333,-7.2107682424357575,-34.21881538705248,5.169694346052565,-0.5021502900323317,3.2030209301799646,19
8.452397031704514,21.985705556115956,18.06682546985595,0.8273898999176856,26.31122550024569,86.62423254527279,8.760659668026108,48.83333611455525,42.931733085521394,-2.785556483928574,-27.868604698782985,10.214456201014958,-0.4047058597259069,2.7621934279627114,22
1.545452721739382,8.284354870283192,14.001687162882812,8.149925235119719,38.50785152718209,74.55953611606365,17.49450996783452,33.06123361046052,45.00623344784193,-7.726661338787042,-26.736054831804637,21.15450506195045,-6.1574602509773175,2.5639589867509236,54
6.129281681406148,17.15374870912541,20.75266713823713,1.4858398356467661,28.598261078556725,77.85215384420552,10.935051719408186,47.07399506775752,45.47289906707372,-1.966777849269956,-27.74671300925617,5.019271362369723,0.5711872811665282,2.1058686657946764,51
5.393852552561413,32.62066333460201,26.84183790191418,6.36532869496295,60.32002577102472,144.26927220407012,15.116485539953217,71.71800916353074,89.82179811269116,-7.630239426693845,-58.206357485649065,18.306284664595708,-10.462431358802364,0.13803816589992515,5
6.173457748132272,18.978093584307288,20.229842921034436,-3.279354440300394,32.936913997916555,90.84503502981512,16.832128199759016,44.882833878616786,58.733939864701874,1.4327850482204867,-34.820734691552275,7.674354563722144,-2.8457858143204735,3.435476453849566,64
-3.805412188396769,34.98961168186684,22.71683875716859,-0.7619771856448283,52.01649959789811,100.47406188067059,15.836066948271492,55.22466906838921,52.005926692564934,-6.381229944368693,-37.02294566597822,9.576549739612608,3.153920243810358,4.433661334816628,13
11.096397308496103,58.23515295193231,23.46904247111245,-15.870914762155694,15.617418496884216,111.69967624780377,9.267933058330646,51.44511215645747,25.630061626014054,25.79952789463116,-20.968092501056685,2.628075232123103,15.77008716132882,13.374055896538975,42
9.649993774311227,48.569320369551,25.325456958850175,-8.076375521756187,35.190861971488786,129.82681867474244,12.161548068693627,62.55863973551868,58.64022893908914,9.600619716817295,-36.8330588585942,6.371442876252795,4.215725118111912,10.557408009185018,45
3.550297776724511,25.241237637381957,18.500234089785376,-3.8582600966089977,30.593480406981755,78.85648591559843,12.429448466349777,44.82501746194865,41.080997881553145,0.14923282849894343,-24.684900283832352,3.592657839424225,3.0209569843171447,6.35611501853535,54
11.907505141008878,36.426842783249995,17.681591364845644,-7.0076015055811895,25.371494034163636,104.26354240621251,8.668792172703071,50.30501571262507,48.5385562324233,8.184819060975355,-28.524251276603493,7.016853288139404,1.6362915348623797,9.568948829443904,6
14.062965922470985,25.432668171848707,21.679832164084928,2.1074014796965,33.70884458481441,121.46863863713922,10.494238458460671,60.435854412202055,72.12491966793318,2.2899366985830483,-42.53765376739235,11.949215991328325,-8.907138072478835,4.904992309586979,17
3.766816124350693,22.176182173619857,15.978468958542061,-5.188292567975456,32.774487651078914,74.82843727854959,15.543053179998251,46.78199670304012,44.138407788645885,-2.722884695521982,-23.812718381497238,3.283687872259677,2.528506656788189,10.489248251974114,10
3.3547301916238643,27.00429739373807,23.063335489652168,4.2318400429439045,52.52045295168788,104.68315433042194,10.942633747797391,59.567170554735426,66.07068772263865,-10.44529983260204,-39.89444503793729,7.694130633867342,-1.982831396899854,2.5571917846064665,35
0.04247536720929873,22.525746713214485,17.021306413785975,1.8009070334566049,37.51727418635382,81.60989728340205,11.24164496105871,49.71720120187375,42.349080573720094,-9.127910441978733,-28.680795183027268,8.381235049202687,0.35281168445688427,4.017310349153308,38
19.14804867683314,51.86693338898689,22.449244767092047,-17.081080317136628,10.548215830865027,122.54043733514791,7.357305128787591,55.36439032757379,45.63724808694339,24.390677749887693,-27.332178044971574,1.3843718196926367,7.2320203799336875,12.092742215414667,22
12.592833815455926,43.21485363868546,20.91950065507707,-13.1561281902041,21.21604298342853,121.74770354680157,16.19975793551037,53.989684110071,51.49259268678925,18.028721802511416,-31.290480492918963,10.509713372731259,5.340174749286643,13.489946398420857,22
7.7360863574781105,15.35789110204112,20.003144226382258,3.6436013317894362,31.863653787812268,84.79356939294756,8.304566845420693,50.057492262242526,54.17720995049254,-8.071019726629293,-32.055712769523076,7.041580034961216,-3.4307052105186155,-0.6706488859354031,49
4.4419632251701255,40.0869984769186,23.700122639982137,-7.92574069937785,32.63554017829027,101.61088611404402,12.782220835225933,51.45617776393796,43.32456662376268,7.830381434419816,-29.47979411279258,3.9007613684700995,6.096846920653005,6.641677822856366,32
6.425778031520137,36.05528252330734,23.606978676429584,-5.426300917435929,37.72657863391157,114.74726873729973,13.659983866994029,60.40886044472874,58.375523215821495,1.3085592978294591,-36.222578801849195,6.640142535898175,-0.11920002630867982,7.225622813544827,58
3.0000550735991993,20.783220227353283,21.533692325345203,4.7213126421673435,49.873193640353946,101.52267512398572,12.02970781472835,61.45704756086787,67.67004284665522,-12.410439038870393,-39.075260211745864,6.091772049432896,-5.8072569557175076,5.3217717115673695,46
12.034597944489496,33.08665862094329,15.463839863796577,-9.701434251477936,12.726114306486798,80.28011417779085,5.320190441335659,40.43021431184703,31.03925602718787,11.428641355157303,-17.76379848116522,1.5869421403767154,6.745402409364198,9.010646900871087,33
9.010956735903417,24.589169505251352,24.36221742797657,9.300361287791665,55.136419186090514,148.02066113055002,16.45926547394334,65.57857615174079,95.5044171923148,-4.22841403286253,-58.971368533629246,23.777234348678608,-17.85635861958083,2.5411750789090397,46
7.800426133799154,48.4758541012403,20.267914057761597,-13.504028126746013,25.065604720539234,102.60032844182905,9.595666652548948,53.39719968462397,36.411569727475104,12.937965914860017,-27.017735224412487,1.8610886667206206,12.825233309488466,9.951163148959893,37
4.506629812845253,18.094681718577764,24.529095667881226,8.825137186425794,44.982894591843824,106.822966479777,10.919474099547424,60.977664467032675,64.4546211067211,-12.288167379322132,-44.37045960658677,15.673421021433104,-5.384518367704766,-3.384651313222329,42
